,train_loss,valid_loss,cap_train,cap_valid
0,2.335017045321122,2.27004631104329,4.437667574870909,4.568674117937382
1,1.990897173966096,1.9363575868013463,4.4952714605469355,4.6239368748038085
2,1.6515976299458823,1.6052595643292027,4.592124289867519,4.716228332011852
3,1.4039032976533876,1.3663218705051303,4.684581460118929,4.802973865700398
4,1.163610744250501,1.1322283746638897,4.811373168154139,4.9223636530597705
5,1.028036792195875,1.0124580387390665,4.949930997368112,5.052465391890182
6,0.9518291768807755,0.9370572292858292,5.079036819388126,5.172664541514649
7,0.8515216328372025,0.8400863864655806,5.235994462830246,5.319707812979191
8,0.7893089535916405,0.7774202111422978,5.380671216124448,5.454417225982343
9,0.7024112532031256,0.6892471833304034,5.549459214191108,5.612619571437766
10,0.604610818665152,0.5940455542086425,5.7217766490005575,5.774284443326275
11,0.5544786740941698,0.5444959900285256,5.878352419994815,5.920671146566265
12,0.48910211135518067,0.4832371027311739,6.053576073828068,6.085890446742095
13,0.4529661975949031,0.44571636060481296,6.204194918194724,6.228198458795292
14,0.40534845884169385,0.3984717848083726,6.366999698663232,6.3834570700316
15,0.36702315669669405,0.3590011264758112,6.525455227680239,6.536599706860365
16,0.33989556512358104,0.33329023832426385,6.665518176653661,6.672642803488847
17,0.3045492583413936,0.29831116330564045,6.822057138237421,6.823565902515846
18,0.2900073058706989,0.27814410988441524,6.959849634227428,6.9555997738859645
19,0.26481879988282825,0.25386032109394185,7.111234333628386,7.100052552524656
20,0.24405723262899676,0.2331013257318209,7.261877059774898,7.243767539935696
21,0.229682557160173,0.2183521966418122,7.397307598528768,7.373229422496201
22,0.21323568887563588,0.20337943856855664,7.541049347787653,7.513810154404902
23,0.2018852025266291,0.1964603058296997,7.66358261807014,7.63602352452662
24,0.1896394343571824,0.1910790484214906,7.795909205623584,7.768038509080449
25,0.17515615847842972,0.18050078993907942,7.922028415737446,7.895237295169632
26,0.1671760275207388,0.1748056535279781,8.029615791941097,8.00423452031442
27,0.15959134071386286,0.17368699075682792,8.146516771694186,8.122815207984418
28,0.15597961698403137,0.16883694329126084,8.244947281631529,8.223922198118457
29,0.15047749467055752,0.16377412808944597,8.352916438375537,8.333426367151834
30,0.14978199747946733,0.1651627915619936,8.456411166138775,8.43688866630997
31,0.1489158065563075,0.16020349941439657,8.544517173674832,8.523365147795191
32,0.14416763282182812,0.15853324038720715,8.641143436817613,8.61598483880447
33,0.1420848686459789,0.1537111566001089,8.722162749545689,8.692451957827995
34,0.1423952985095168,0.14293697462368105,8.811819987815298,8.77709696877594
35,0.1397787258286379,0.13279164693042447,8.898266929628932,8.858458082800869
36,0.13848992213625397,0.12644053620671988,8.970670999247613,8.926403588331459
37,0.13492077112184686,0.12125173327964907,9.050560543032518,9.001862332291566
38,0.1349480352192294,0.12003802254560467,9.117383914056566,9.065456215470471
39,0.13378758662522441,0.11896594775719181,9.192685131861536,9.136929799863472
40,0.13142653164197976,0.11698640402166889,9.2648429037274,9.20640737575978
41,0.12633947194779901,0.11854782420296117,9.324871807785787,9.264326379837046
42,0.12317352698389397,0.11799560371495832,9.390862389430387,9.329165889543518
43,0.11633997622657336,0.11740055144468527,9.445440788613142,9.382484657811531
44,0.1134600508851137,0.11476067671363362,9.505749458017025,9.442328721388133
45,0.11120024966276486,0.11759070079613104,9.561769821323534,9.498455042299184
46,0.1127538035318939,0.11931430859484349,9.60644503514314,9.543373002035455
47,0.11042214490601138,0.11502001305166254,9.658523029358783,9.594975817191642
48,0.10949590449586499,0.1155896019659732,9.701345183480552,9.636654357359896
49,0.10828508262698834,0.11613500984489666,9.75009276287726,9.68272089869749
50,0.10596664856402446,0.11896927599501093,9.795639554760035,9.727831975563358
51,0.10696213630746797,0.12178281990943472,9.831156224796013,9.762615984925825
52,0.10657858623485038,0.11985809048325287,9.86979475662722,9.800859965848563
53,0.10754084328675478,0.11997013390381304,9.904454319499145,9.831937406531203
54,0.10902945809059787,0.12047836824519646,9.941262164835829,9.864274487604858
55,0.10669816875101565,0.11863841093043367,9.975750055538452,9.895085251429137
56,0.10664795328557347,0.11509114803404154,10.009483736452337,9.92448932648553
57,0.10732105536965696,0.10820202106466197,10.042920788228805,9.95352984845096
58,0.10713010761078606,0.09852155757399754,10.07549275454489,9.981452243550285
59,0.10453622205793069,0.09358060118815416,10.103825643474323,10.00861668814025
60,0.10190365547120575,0.09179028271534255,10.13501583169236,10.03490727338036
61,0.0968283714342156,0.09490808497751917,10.158909623770562,10.057025229705333
62,0.09763375981985369,0.09560518532217539,10.186157415672321,10.08621110446449
63,0.09574412080330018,0.09925178213931381,10.20685369163195,10.106937154305147
64,0.09530366317812998,0.10027780918150335,10.227632875783563,10.127096875729565
65,0.09283569474340074,0.10289208756002549,10.242656944696659,10.144930947183713
66,0.08975792179554187,0.10133301091446355,10.260044667305214,10.165336150546082
67,0.08858375980520519,0.09559816393876859,10.278655358492326,10.18504669096481
68,0.09102518248063599,0.09548806949018157,10.296288785246508,10.201668795900845
69,0.09504974852112415,0.09743809665948865,10.316057330635271,10.219177331796704
70,0.09589888478613685,0.10225735605121519,10.339367662883724,10.24087633231136
71,0.09542589806639631,0.1031730075689258,10.360668933512686,10.259158343720186
72,0.09560053537756147,0.10078583847080771,10.381510010430569,10.284748914000646
73,0.0957692771356403,0.10217373129724991,10.40398494210609,10.304670410751234
74,0.09535635905234906,0.10291666568825678,10.423287970772193,10.323208153219692
75,0.09459446802341433,0.0992969799789831,10.441618753335442,10.341795309728452
76,0.09322106038951004,0.09712151349257271,10.459517189369265,10.358802317254549
77,0.09003549263078417,0.09698191403080161,10.479197184596096,10.378197605917642
78,0.09022622565669748,0.09313948531967417,10.498653773573604,10.393498789801551
79,0.08895587027949063,0.09495061797084646,10.514458461219284,10.408284614669405
80,0.08871966284172843,0.09230336118151512,10.534256717333212,10.425729488378337
81,0.08733563792507605,0.08983555882386104,10.557201399156778,10.44318441577701
82,0.08439994698443501,0.09076378760769935,10.577698814459493,10.460094411678975
83,0.07882973012249526,0.09518454760688728,10.595963524438513,10.476816342414637
84,0.07731303395104451,0.09334512153798483,10.616840381985465,10.492060958647738
85,0.07728001083284644,0.09067620758132787,10.63987742822834,10.510585907779959
86,0.08036297922621059,0.09122243014239448,10.659670505610318,10.52865481936596
87,0.0847507754969342,0.09019706173095873,10.680255311931788,10.547553790404738
88,0.08475000253135177,0.09131797402844308,10.70015481261285,10.564414198839453
89,0.08470968170406042,0.08809076877684084,10.71738051692428,10.578519162942817
90,0.0889937116723115,0.08608102683610568,10.736718680901975,10.594385544630482
91,0.08862370302336178,0.08705846986156601,10.752194796771898,10.608317706089355
92,0.09029910156951822,0.09220217599032081,10.765582335399447,10.621923809212321
93,0.0910779901381395,0.08941370791084537,10.777186863589481,10.63622764575036
94,0.08937440567128248,0.08900896261712399,10.79044569277362,10.649073708158376
95,0.089215838527913,0.08988413564840442,10.802317934472375,10.658136304192118
96,0.0910267344181871,0.08946092612544063,10.811217879440646,10.66574334048314
97,0.08821544803936632,0.09023152466572927,10.82687684253927,10.678938314896454
98,0.08661219065817101,0.08955428592537432,10.835115419644685,10.68692293508358
99,0.08699844911860649,0.08820551773316519,10.843842030646892,10.693935195531557
100,0.0832170499409889,0.0878435346447809,10.855374979075185,10.705497829165486
101,0.08295313830591111,0.08630135511949569,10.867604186396392,10.716992972529866
102,0.08090688650975986,0.08375012234514582,10.881081817328974,10.72956731802813
103,0.08328475013529474,0.08164755108036255,10.896476814235927,10.742382202583665
104,0.08432486072804257,0.0813740595469013,10.906943205994926,10.75283731950928
105,0.08592092315964753,0.08145455367597564,10.9199484542702,10.764460424941152
106,0.08472411897112611,0.08247732532357596,10.933206537426056,10.777288107332854
107,0.0846876953544132,0.08065610051689144,10.955258953625016,10.798030376064773
108,0.08366003867229732,0.08075448333817846,10.972977577674152,10.816079497149182
109,0.08056317382684627,0.07998410592615478,10.99225503927501,10.835394207406384
110,0.07908132931114019,0.07853345486524091,11.011376367032202,10.853073328460146
111,0.07915074148013237,0.07617843064163515,11.033354583950752,10.872764941354642
112,0.07497489388617946,0.07671047880213167,11.056335898795528,10.893481710990311
113,0.07755036358896604,0.08110064855013324,11.081383008253889,10.917314799856634
114,0.0780152774700771,0.08195837678815675,11.110376550370383,10.944664525574465
115,0.07733196096418782,0.08251082363858439,11.136720207983062,10.971764025760526
116,0.07623595554003422,0.08066244779187752,11.159649524990346,10.994138561251003
117,0.07869242276730089,0.08003342502319567,11.184021872130957,11.018278107519443
118,0.08006188003599281,0.08305225307323044,11.207460341864225,11.043165296597149
119,0.08153654236583578,0.08542676567541431,11.228627759512909,11.06362479535675
120,0.08209991971708709,0.08848424472518181,11.249790874363061,11.08248260377316
121,0.083982531270515,0.08976620008267362,11.265167237318014,11.099603151631934
122,0.08485949326095685,0.08801694949630315,11.28105698749296,11.115939315237616
123,0.08332862278107787,0.0863695632123372,11.297096393218938,11.131112845262397
124,0.08058899730715571,0.08006060869980347,11.30975220768897,11.144134211696956
125,0.08022332217569085,0.07541963991530896,11.324292757364459,11.159823941421807
126,0.0800101365759441,0.07382200363577515,11.332419482754092,11.169192828309358
127,0.07868823820049065,0.07507222186698731,11.338774231933806,11.176486200706751
128,0.07822241220464499,0.07646232610577468,11.345530684214982,11.187397190489417
129,0.07789281025870212,0.07855380280346763,11.352871925089902,11.198070846376853
130,0.07666725476577722,0.08172826073758965,11.36455303498026,11.21377096973032
131,0.07751697243068235,0.0852911715193622,11.37369429887714,11.226453279948666
132,0.07657102559111935,0.08529780852341287,11.379193786568537,11.236071359835735
133,0.0763100207210717,0.08463770548975325,11.382489289736146,11.244010685489302
134,0.07799366353493305,0.08412211949714246,11.38754052443859,11.252116678453541
135,0.08054679583977221,0.08263636634818872,11.390811088484575,11.261801503833503
136,0.08065203555727958,0.07979824490923636,11.394852389296398,11.273164126855841
137,0.08048460736492374,0.0774203464815841,11.401463273457644,11.286393885588872
138,0.08047643109917467,0.08051205749101481,11.410994499647774,11.299740974820523
139,0.08155638373722934,0.08152439162616598,11.42176677558212,11.315703225347391
140,0.08133173115941124,0.08073208964332995,11.433610304896666,11.331818758555972
141,0.08066376129851077,0.07721584640185654,11.446772259791604,11.345286446359129
142,0.08191483201976969,0.07501799346572438,11.462749838929852,11.362592611221292
143,0.08177178898602985,0.07261073560371396,11.478804499481441,11.377705575893286
144,0.08004301795121034,0.07305060999402455,11.497013871092326,11.394342566329996
145,0.07725791653243091,0.07322117191516248,11.516704187861324,11.412343065674888
146,0.0762596480589135,0.07224798633540809,11.540021919350073,11.432466328317417
147,0.07532974294056152,0.07241710143847298,11.566841511330846,11.455098593194998
148,0.07248327682862185,0.0692443607909463,11.591868458998523,11.475923854769064
149,0.07198170427560235,0.06705969871144517,11.613607889257802,11.49294672479548
150,0.07174324416655435,0.06597196787156666,11.638200238321447,11.514280530520244
151,0.07163671388391799,0.06509338750407115,11.656336401386584,11.530401708403797
152,0.07145317434121586,0.0657975232675113,11.67415051989272,11.544050254744239
153,0.06827291052569616,0.06750891100562437,11.691928250406614,11.559204759678279
154,0.06678159997666491,0.06758022400737534,11.707672282329758,11.574028481609876
155,0.06397176524792947,0.07180471596243489,11.722192327163032,11.587330190503643
156,0.06370266902714648,0.07443700266869793,11.7338032197401,11.600703780117072
157,0.06436699487177086,0.07328171282657348,11.747374468630388,11.614822770539842
158,0.06510841814112733,0.07004259456139031,11.758732472048965,11.627009102672233
159,0.06623474061147427,0.06862410073461646,11.770727256180614,11.64116192055312
160,0.06622303999368882,0.06797728869766653,11.787134273124027,11.660030416363128
161,0.06815717635247505,0.06821270603606396,11.80180165614053,11.677761993176842
162,0.07004807920394131,0.06794965657630722,11.813873719511669,11.692518296848709
163,0.07028217503690108,0.06895726627735191,11.826406611266052,11.7065042653748
164,0.07212678204926702,0.06826150844537288,11.836762534546493,11.7189592051774
165,0.07351983711215296,0.06479264598752327,11.85611928364517,11.741298884607067
166,0.07230142143716069,0.06120768603259603,11.871653811511386,11.76064901195783
167,0.07169834829735659,0.05828398160432434,11.890339582795177,11.781237193006529
168,0.07335050606920517,0.0587435446574916,11.905047068726462,11.799634793638013
169,0.07284834676039187,0.06064240919663129,11.917623499142653,11.814798902906524
170,0.07197582095331852,0.059925584932671,11.938278379139673,11.838623139790506
171,0.06923078927105242,0.06438432860460214,11.95478605107938,11.85849551293161
172,0.06763317312447395,0.06877247607492788,11.966776432979668,11.872050670949061
173,0.06803615856999115,0.07333586720060613,11.979821850012238,11.888477971501123
174,0.06804556355188564,0.07159623230571946,11.989820302588544,11.898707784385964
175,0.06960214999899964,0.07113871103371672,12.001099136889136,11.910891936364509
176,0.0693296603906049,0.0707107080670617,12.016103916158702,11.924532259509412
177,0.06900512841256791,0.07049970109188522,12.027047163128723,11.935466817950134
178,0.066634772991878,0.06790644877329755,12.038604315499734,11.946013629854592
179,0.06838781425611445,0.06831827548003826,12.047380775569687,11.955185804561628
180,0.07058079117335352,0.06884222254006722,12.060683322440553,11.966911602893134
181,0.07185704164895679,0.07160260886651484,12.068311242789859,11.974525508871345
182,0.07311251053780718,0.07136800819795383,12.074418850394459,11.979848442488713
183,0.07444302656064651,0.07022464156475766,12.091301756637147,11.995447968142072
184,0.07398144223459306,0.07054017213337466,12.104402680624785,12.007174366022118
185,0.07408966423451381,0.07081142080227881,12.11614728667354,12.018658706860515
186,0.07276299199658463,0.0675377223893477,12.130351896426093,12.03177018697306
187,0.0714793574115134,0.06648600415469416,12.14074781753995,12.040594136436104
188,0.06719521535035074,0.06600783097140954,12.159075959350492,12.054619106833727
189,0.06587875721980645,0.06998828326531507,12.182638604959728,12.074906539996215
190,0.06439714958286102,0.0736903565219048,12.195762611562396,12.086175925999065
191,0.06674931945844739,0.07535808676838254,12.210397645564058,12.100523110667728
192,0.06686242347126586,0.0759783538839296,12.221209191315944,12.111288307220553
193,0.06582283760207344,0.07591989898361078,12.227105786549938,12.118438312771376
194,0.06630163152682922,0.07341507664178219,12.229921722595417,12.121534941922336
195,0.06510429289046879,0.06903013780881141,12.228870986988563,12.120992954120146
196,0.063795250451786,0.06406859876679458,12.23080497657922,12.124298435833904
197,0.06392508016069662,0.06007878365766424,12.230090859107225,12.124638093207205
198,0.06687838088812177,0.058267888674396806,12.229944283265151,12.125898475351873
199,0.06667987101578596,0.060284896695942725,12.230523274860436,12.129358204624515
200,0.06576746997154077,0.06071197201828035,12.231340957819738,12.132321442673277
201,0.06729525867576655,0.06300474186058401,12.231375608382967,12.134140407835574
202,0.06713944021311026,0.06556537779950514,12.232524336194762,12.136375816785522
203,0.06577687032264347,0.06747984476952343,12.230742830563827,12.136173111584128
204,0.06416325022961412,0.0658627206335096,12.233131775792677,12.140161575329167
205,0.06366749863232321,0.06700931686834023,12.237808757736497,12.146033509801523
206,0.06307567978340888,0.06670569428472312,12.24297036130491,12.151044260138661
207,0.063350580973272,0.06785418389497455,12.250611682590282,12.158643138407864
208,0.06400724414390163,0.06804118744208382,12.252468982507594,12.160173239248667
209,0.06428428310024682,0.06841130458674892,12.259634192927084,12.164875682773491
210,0.06426367528518612,0.06854578108261229,12.269271381066202,12.171415233860838
211,0.06336028199701589,0.0668492585052232,12.273722472966197,12.172942276419334
212,0.06369694684070747,0.06387325905159989,12.288121865776874,12.185736356961632
213,0.06100470479129361,0.06172135217914028,12.300955447082318,12.197506446354328
214,0.05912905488787538,0.060173437309212804,12.313350691973648,12.209021417513476
215,0.05953311848114991,0.06253339792331712,12.324665553678567,12.21924689053668
216,0.05878893781163309,0.06389263953609393,12.334556708792269,12.22765569048087
217,0.057494063399966905,0.06384637667316624,12.348209856998366,12.241297667560035
218,0.056458702187459825,0.06165883615484956,12.359630238904405,12.252505264727006
219,0.056138730411049415,0.0614357714464289,12.37537000367503,12.26859378229845
220,0.05753232596746597,0.05948745521560606,12.389150765206958,12.281866671053706
221,0.059355221994911125,0.058978346844757404,12.403992891299076,12.296045305247102
222,0.05922904211663644,0.057351119050845334,12.410906417171741,12.303820846864786
223,0.06103572592656668,0.057993714932322755,12.421367975099086,12.31400252743977
224,0.062121013537046396,0.06116844568139887,12.428474413243357,12.319268638079638
225,0.0622190187982695,0.06418342167285862,12.437326988819766,12.327038109671822
226,0.06033650167240915,0.06468305453012843,12.445761363520777,12.33451197455307
227,0.05967018206058132,0.06272595932619068,12.449955057538746,12.337262210663146
228,0.059678515045605514,0.058523743288600105,12.456311473244746,12.342212364430488
229,0.05991406182334936,0.05642565388094098,12.46189348708874,12.347117512952599
230,0.061138312775275865,0.05412484596234801,12.465895310112195,12.34944290273568
231,0.06210818470292981,0.05345884098691585,12.471085846102902,12.354450603428502
232,0.06368560149027046,0.052379058349699234,12.47834338762713,12.359469775949291
233,0.06839921405007166,0.053837295615326346,12.486842342152512,12.366553002557962
234,0.06968071591935535,0.05466525329110028,12.491500828980422,12.370854356281564
235,0.07138857380667457,0.05602996144939067,12.494762171732123,12.373053696899838
236,0.07335059102584453,0.057372956113798744,12.497314268463217,12.37506902897514
237,0.07384292477278333,0.06037306827843844,12.503088942523993,12.379374995760076
238,0.07403430995142697,0.06414412594232274,12.505836527854456,12.382654373508043
239,0.07286203786163006,0.06616803514927504,12.511415931092847,12.387875817394383
240,0.07307096664879316,0.06654889929488181,12.515528695207388,12.391802175706353
241,0.07329935911382163,0.06723284398584517,12.522487896174777,12.398514747909033
242,0.07298084854999405,0.06572426739237029,12.526927620533536,12.40391086174779
243,0.06986604977219434,0.06472800196016361,12.529571265817163,12.407668451131254
244,0.06639854084052664,0.06322190493210852,12.53450154922652,12.414328399406667
245,0.06553805562278164,0.06217929402749947,12.540081459387112,12.421665010042387
246,0.06640678891383955,0.06268840455220431,12.546925797957226,12.428701164398042
247,0.06532289298329973,0.06370240369211519,12.558216526062706,12.44145185573863
248,0.06438716832504804,0.0640774753950248,12.572346615600356,12.457132333659922
249,0.06490316402018399,0.06447319223778646,12.58201599675603,12.468563487217459
250,0.06500278692261209,0.06419905158797944,12.589068633041613,12.47711995108796
251,0.06603502646113195,0.06134927380497642,12.598390427073294,12.486540934386966
252,0.06538096047740313,0.0600252312606404,12.605346073415589,12.493527665169418
253,0.06597323388487127,0.05861879714651215,12.60912759575669,12.494794459860858
254,0.06721417010886153,0.05623507343007277,12.61249460536682,12.49646579304854
255,0.06723529768692911,0.05685307952885086,12.620670745529148,12.502850615111472
256,0.06822940153299989,0.0600894958317285,12.624449626329504,12.502673121022902
257,0.06875540060394501,0.06164983736479877,12.63321475510402,12.507484241414064
258,0.06908594285865728,0.06217609882310896,12.642730235775327,12.513517708753902
259,0.06680187116101495,0.06321097434988773,12.65069455585258,12.51759918635123
260,0.06502772911197954,0.06326767203972415,12.66175351862269,12.52506712583882
261,0.06359408822106753,0.0632263334367666,12.673448231254651,12.533363395327829
262,0.062255149786463945,0.06199079946527006,12.68432029256481,12.541906912258598
263,0.06253905287989353,0.05910648032843326,12.69097810055393,12.547547917875736
264,0.06441987931562922,0.06013439073598769,12.698713582807716,12.55554707925549
265,0.06362100338017386,0.06349244485008415,12.705049594211255,12.564096283225771
266,0.06024771431399648,0.06716335039939718,12.709408579074184,12.570371147788734
267,0.06083708730941467,0.06887990769565885,12.711882005333973,12.57529383331365
268,0.06051195232423699,0.06997673999485657,12.713333531451656,12.57880891185374
269,0.061308715216265436,0.07147546922706817,12.714027946078945,12.582422566739247
270,0.06219404697342818,0.07211440510328725,12.716515086898559,12.588548946480659
271,0.062490865254825126,0.07129854338240914,12.717533233597045,12.594030369679764
272,0.06224371489013686,0.06741743070464609,12.71932518394316,12.599188011182997
273,0.06117688336044877,0.0668695354104794,12.720089121438713,12.603741098078867
274,0.06201315057334152,0.06737019602206715,12.721298053794746,12.607652209831238
275,0.061320051696121675,0.06567661466162926,12.72298349827289,12.610218561285386
276,0.05973085074977454,0.06445233602466814,12.72671818773562,12.615057045802308
277,0.05946104309541419,0.06615793315731269,12.730815771586458,12.619773286226586
278,0.059828597731141325,0.06776505554890434,12.735302228805887,12.622851425804678
279,0.06360218397096967,0.06768157587470829,12.734920004073796,12.62083573971438
280,0.06420507983950838,0.06817967860365517,12.736832760833982,12.622304811803321
281,0.06631636285171418,0.0670810641940771,12.742294550554773,12.627757186085073
282,0.06548204784308917,0.07073292618266536,12.755725367769353,12.639833950347324
283,0.0642394095135279,0.07019770718359525,12.761930918421937,12.646269203374416
284,0.06324501229207899,0.07152217241371318,12.771620182740097,12.656885614769566
285,0.06549754999582089,0.07137189728941383,12.777165707654406,12.66435528218506
286,0.06655270702102786,0.06921346044850626,12.78126058996481,12.669849052973195
287,0.06937461931708241,0.06771594856952266,12.78875658482079,12.678683888507779
288,0.07150329756293472,0.06392929299261728,12.791635097252737,12.682979933408891
289,0.07142847779495416,0.06163094436472756,12.800868790532618,12.692354269913258
290,0.07185188242520527,0.05869056195322516,12.810388014222418,12.70012630996868
291,0.07040956292819021,0.058610758982141145,12.822279744643328,12.711576876791739
292,0.06974734948786221,0.05916429566822845,12.834874413195603,12.724452454862677
293,0.06822059922232851,0.05904551768230195,12.845946552503785,12.734533568628565
294,0.06681090300367272,0.06001892831444485,12.862976512780252,12.750510174246912
295,0.06480489302122923,0.06032701095375543,12.874371576641062,12.760871205669439
296,0.06367344088411503,0.062018006300772414,12.880656351000455,12.766073648921306
297,0.06192665660052985,0.06414195838146544,12.888576278716094,12.772469798756209
298,0.06257946270940846,0.06697450587504016,12.896991292228122,12.779301417749709
299,0.061685917113144514,0.0697130260950629,12.906713320762515,12.787588286135275
300,0.060605277811984826,0.06828906429480389,12.915426320066272,12.794382753247914
301,0.059836944550047885,0.06698733020212559,12.91663346660573,12.794575923421485
302,0.06098925019063272,0.06640007804481707,12.916736605907966,12.793891318223096
303,0.0615780907174946,0.06551225382359013,12.917432015195127,12.794152190693236
304,0.0604377774236138,0.06186624312141608,12.916100991033163,12.79321155793437
305,0.06192582476439248,0.05942550327539897,12.917751218288126,12.796710247344645
306,0.06421580082508961,0.06001827617213296,12.913133298246272,12.79442481612776
307,0.0652568530787982,0.05921513121679593,12.911274085603667,12.79474934352277
308,0.06584515905237363,0.06029496337236977,12.907791214487725,12.791749363504161
309,0.0655179374787923,0.06105077560862493,12.901719906743478,12.788127199666835
310,0.06618510479960078,0.06140326642973511,12.894307965487736,12.783277061164311
311,0.06539355241751807,0.0605136445155146,12.892243031176601,12.781703102869704
312,0.06380439419584616,0.057800119278013144,12.887477591904972,12.77795511491708
313,0.06368710584555402,0.055293625152719864,12.88431333804455,12.775453347830119
314,0.06443532502644916,0.053870132110459025,12.887931358157019,12.77875558401202
315,0.06464168063322538,0.05260569058165718,12.890363048822532,12.780223423114387
316,0.0657013488817673,0.05287722627350065,12.89039855187167,12.781712598587601
317,0.0655664072739317,0.05457213660995091,12.89640337506862,12.789160494692418
318,0.065128023805125,0.053588734606122505,12.896354910173592,12.790148898830239
319,0.06336472669123418,0.05531019647634917,12.899614428623291,12.795631146999327
320,0.06416274049641578,0.05737735632000286,12.90284772159154,12.798993137382721
321,0.06559952843022028,0.05679894688475561,12.91432424085487,12.81048479311971
322,0.06382036068169264,0.05862245701996952,12.923980198717636,12.820411056241001
323,0.06578740500519946,0.061265302531672665,12.930300405356295,12.825550748290425
324,0.06519220742647268,0.06506108780186716,12.936304393980684,12.83165095322827
325,0.06543775127480218,0.06616782686466895,12.940986296492309,12.836975816364147
326,0.06530786447026427,0.0677101076349547,12.946986783346274,12.843727316442411
327,0.06329365418372575,0.06684705279540437,12.950008542727808,12.847841397288265
328,0.06327171239957537,0.06533306761583366,12.951118973813648,12.849622195042361
329,0.0611252396989377,0.06278549149282417,12.95151238129484,12.851594250696031
330,0.06167160274568224,0.060310449652502554,12.955069061376642,12.856098735559014
331,0.06126577613834116,0.058438532943107774,12.959171107202877,12.860410325392765
332,0.060686585292667364,0.05673775249792209,12.960197364787861,12.863017852418615
333,0.061621794238848726,0.05528482189881282,12.962093720902757,12.865149149803411
334,0.06218877210945247,0.05473990557839832,12.960740016244904,12.862926661222804
335,0.061246815758783726,0.05542903714489187,12.963267847294668,12.864817974156733
336,0.05982229955071773,0.05780202080685381,12.970786567571357,12.873004644004787
337,0.05971103056346858,0.05977090039917432,12.977379974721561,12.879491131099662
338,0.06215659624949085,0.06075134511156025,12.979271975531452,12.881647748167588
339,0.06242306513055329,0.06031270388696969,12.98182439521129,12.885284217638226
340,0.06230424299755164,0.061238342501465905,12.984602807597469,12.889570071445085
341,0.06388938637591474,0.059843865402614986,12.986819300476645,12.892593864894998
342,0.06485904428695649,0.05833764679075127,12.986612877528076,12.893570522657615
343,0.06582380208489554,0.05543358054967897,12.988350630726966,12.895980053844195
344,0.0660452422840691,0.05247611383290192,12.99030166511768,12.89874726598176
345,0.06525593319474943,0.052115737115369515,12.99154335100455,12.90055021118435
346,0.06400630210626569,0.053039124713287325,12.992492390342228,12.902456779044408
347,0.06376833182737225,0.052259231301235234,12.994470643152429,12.904440013364646
348,0.06534910762591879,0.05334662040657522,12.998075399159791,12.908550695575208
349,0.06462611044519971,0.05587240895669026,13.003105532648654,12.913165261609604
350,0.0656448167901065,0.0588747479659233,13.00897137799803,12.918251372768074
351,0.06501112165756302,0.058915321619060566,13.013823550370205,12.922365337337416
352,0.06374550450334521,0.061260941390929795,13.0180527876482,12.926304094961527
353,0.06413763919594499,0.06216260165377589,13.02035786210779,12.926882558668819
354,0.06340565497299072,0.06378095857730057,13.024483867613366,12.928872853788599
355,0.06256881510551013,0.06458118360605708,13.026724052593341,12.928942096027939
356,0.06406546963155277,0.06536328472071536,13.027106640051288,12.927665736339495
357,0.0648730751582406,0.0659168945959373,13.030546509591344,12.929709721555282
358,0.0645315740603765,0.06505049683610056,13.03859958874732,12.936949359726874
359,0.06519878767666062,0.06320632579270198,13.04432076926199,12.941461868632462
360,0.06700141919466843,0.06117143220731797,13.048045057328432,12.945221415658944
361,0.06686939337109636,0.05974445650260831,13.050169624056407,12.947014311764098
362,0.06699573014719679,0.0586208060696315,13.052581914376914,12.947876041485811
363,0.06700308708522668,0.059883439379641926,13.052589038132448,12.946603765466403
364,0.06562078085492125,0.05900252032833599,13.055923434569046,12.947302413629618
365,0.06456568791887567,0.055371704524280696,13.055865206981387,12.944047656729227
366,0.06510045093190937,0.057538653426640364,13.053918313829868,12.939317147077103
367,0.06350013688591731,0.05584871001830913,13.055512147125993,12.937560977154178
368,0.06269803275758527,0.0550108041485001,13.051180347460404,12.930500369415514
369,0.06125478083756615,0.055020555768088446,13.05221711160203,12.927838363471057
370,0.059196150571804364,0.05645395945141524,13.051945379367805,12.923971761432524
371,0.05929411123776162,0.05696618675210005,13.052753928728198,12.921313338940779
372,0.057511469193530784,0.05740829529655182,13.052031954691405,12.918745795384655
373,0.05611713325958352,0.05897270437292716,13.051061859363871,12.916916055862233
374,0.056463196265624564,0.061870354027250524,13.054014978240945,12.919539021470644
375,0.05475303519536558,0.06189801746284508,13.058440342938585,12.923901122050514
376,0.05461851989560495,0.061176933850965724,13.062049255799426,12.92821818578606
377,0.054518973096093805,0.06124454358684068,13.066588393330823,12.934732013363861
378,0.056594503104759164,0.0613713434209409,13.070818501890566,12.94166056568614
379,0.05771219715585954,0.06025052172416451,13.078142047417497,12.952122343416628
380,0.05949695134797745,0.0611383126825673,13.089471971011495,12.967379208970254
381,0.060270398225348985,0.06010765187773216,13.098172098944927,12.979637610381486
382,0.06251207744631,0.0603725145110534,13.10951834971018,12.99425737718099
383,0.06324472929538795,0.06065498255513244,13.116874588215573,13.00558367517571
384,0.06408747059255698,0.05995783168517711,13.122978633272602,13.01571553997512
385,0.06352282890367408,0.058380307867336965,13.131389788207047,13.025694668453871
386,0.06441175481774956,0.05700521932219237,13.136327671480117,13.032091348741549
387,0.06414041353903688,0.057864692642621,13.145272210607146,13.042606119580833
388,0.06272096392607857,0.056652151402688526,13.150010763049849,13.048272699079586
389,0.0618687896751615,0.057721746507457754,13.159098031655118,13.057158532543893
390,0.061032903013349224,0.057822713841439013,13.171080722560408,13.068326220810784
391,0.058742398952724297,0.05884165166813177,13.175291626860542,13.071068606160807
392,0.05856290127363063,0.05947629767268774,13.180011175400528,13.074258252910662
393,0.05877342551943081,0.058015091920697474,13.187598586605441,13.079940027170487
394,0.057985364445750885,0.05766023456298861,13.196362568903137,13.0888697000713
395,0.05647396012690323,0.056370727682396746,13.20621459213904,13.098766717916758
396,0.058475928309635515,0.056784557806420825,13.20577207206505,13.099742546429077
397,0.060415800748560546,0.05584193842405323,13.211494569478784,13.106727941348808
398,0.06175886881316103,0.05701791944249554,13.21714183576509,13.114034269658658
399,0.06242535025411594,0.057900838170798254,13.221018176797232,13.120242172089839
400,0.06435411195288705,0.05815068660998058,13.237927171748929,13.146593567250683
401,0.0639054749164473,0.057977605212205324,13.241133958954075,13.150658046774499
402,0.06266944660118923,0.059617815856297586,13.240674787101877,13.151822208973401
403,0.062170298063604766,0.05916026717361749,13.240718474056283,13.152857062539104
404,0.061582034586137945,0.058129011549187676,13.241377800708051,13.153949011398685
405,0.06094376848106018,0.05820029148784799,13.23996563962396,13.153166609155216
406,0.05943097506416172,0.058032200962937444,13.2415445786089,13.155721918140156
407,0.058362759360065776,0.05769233680686659,13.240988918832741,13.155963896233455
408,0.05763989481630479,0.06007189604882357,13.240284200642668,13.155554135736109
409,0.056120294241891466,0.06045076737840017,13.240854937041759,13.15656019370112
410,0.05753439144184666,0.062073957850185074,13.235607252149679,13.151883296250851
411,0.05743042807248993,0.060771893593930704,13.235060669602554,13.151561452198864
412,0.05882772061404629,0.06138761554597007,13.232928859010206,13.150178440045492
413,0.05870997565734917,0.060505077602793216,13.22800379495769,13.145428395881295
414,0.05951683510157523,0.06135854718684522,13.226677347432904,13.144047490978044
415,0.06147540779096018,0.06060009245900733,13.224936329982189,13.14121766884256
416,0.06174643867710972,0.06081352056842223,13.225389262365708,13.141059647426506
417,0.06092099328810598,0.06331725862919908,13.224377887019187,13.139577555184262
418,0.05930345666342275,0.06176307854955077,13.216257187981482,13.129628528704187
419,0.05970377642285412,0.06354202539171595,13.21373427420601,13.12529027638542
420,0.06157549972881664,0.06402244632498137,13.209459776487549,13.118905996361482
421,0.062342299861031514,0.06273632799671969,13.205496402712882,13.1132550048924
422,0.06260897482853733,0.06276727633707063,13.199756116254889,13.105614596038444
423,0.06237599435474966,0.0601607119316303,13.194493809732407,13.097770477391585
424,0.061137432180165645,0.05989733917428699,13.190630646302488,13.091890844505512
425,0.060672660218618515,0.05807550460471048,13.18892823755962,13.08798932133507
426,0.059157028174395804,0.058469659491642845,13.186598123375841,13.084239651248478
427,0.058467096172585706,0.06008293970751603,13.187858858105306,13.08308889947499
428,0.059269385471984175,0.05982971647258646,13.18827362626803,13.08146372274817
429,0.05946365168555455,0.05888620104223705,13.188260169004185,13.079745013391104
430,0.06038426518886073,0.060082504415419576,13.186717174680972,13.077576109495038
431,0.05970912125806383,0.05981504425979107,13.189759035999725,13.079588565827947
432,0.05980947568464264,0.060131254493299924,13.194748715150116,13.084178309497647
433,0.05822356550117951,0.059402737248495756,13.196550363187132,13.084915202084682
434,0.05655157704537217,0.06164617967960952,13.20285785516682,13.090774454760263
435,0.05522134374273441,0.06130221060696981,13.210567223672713,13.097793779626304
436,0.055598840873108644,0.06092538577363622,13.220074143607848,13.10627224082799
437,0.054879864840985663,0.06146486264348163,13.224745748312774,13.111120201321677
438,0.055585235842100816,0.06196451442066372,13.232450205896665,13.119104084461284
439,0.05464725472993438,0.0641374906966541,13.241557056229285,13.128150731460325
440,0.05494460610051698,0.06525142212309981,13.252048713903063,13.138210496142896
441,0.05459923924180289,0.06460663086432379,13.259194549969552,13.144686894409837
442,0.05482861891192302,0.06291455344873906,13.267719973022048,13.152476647541851
443,0.05435358395269487,0.06660891187684329,13.275075403907993,13.159284998453364
444,0.05432209758173193,0.066269916559364,13.282219358878937,13.165952373879373
445,0.05407209639816976,0.06748785227763095,13.288964461909877,13.172332325614315
446,0.05578079952103576,0.06734122946592236,13.2949712725726,13.177753708128993
447,0.05685645241946198,0.06498799973978278,13.299429955826959,13.182537409156499
448,0.05769912798846887,0.0649907818391372,13.310639394676146,13.192810612447348
449,0.056600606618247125,0.06360130100005534,13.316109861715796,13.19788954355977
450,0.05721457284834232,0.06304727465381017,13.320336990562193,13.201176688898123
451,0.05740283017231864,0.061320236974537146,13.327672420269069,13.207479997412374
452,0.05726297351361493,0.06130486457940776,13.330645187555728,13.20964452453225
453,0.057637136658022406,0.05944084402273751,13.333040292631964,13.21113533055475
454,0.05970054224285039,0.0601290746821634,13.334689868963707,13.211818997904864
455,0.06061200521499652,0.06113291219175183,13.336008091428269,13.21211750280713
456,0.06084106955859222,0.06193174079175086,13.33699036172194,13.212063255272282
457,0.06182934317395298,0.062244128483931974,13.337621886031851,13.21166824853439
458,0.06371993704905637,0.06350522455387062,13.338163972799936,13.21126055886668
459,0.06416667755317529,0.06173709351139918,13.338383105169482,13.21057691872818
460,0.06428154833916197,0.0622218271587333,13.338570094572123,13.210006739436269
461,0.06338599185021124,0.06474300868423329,13.338708805869285,13.209530836315574
462,0.06308196297859105,0.06515628936787862,13.338766664623074,13.209071900013868
463,0.06242913157216675,0.06543107458894327,13.339045346915471,13.209027740166599
464,0.06215666209888954,0.0656609184787523,13.339317753608501,13.209040783777395
465,0.06315752353174714,0.06333472811130081,13.339783594423242,13.209404904250531
466,0.062366208608389546,0.06237398635367279,13.340365516069634,13.209998510125525
467,0.06208230594092407,0.06103114262986504,13.340953392796912,13.210609673127324
468,0.061705875243434266,0.05963464802930549,13.341692713925756,13.211489447498462
469,0.06061799889854785,0.059207153017592565,13.342486903339665,13.21235637704395
470,0.06163448458236038,0.05984852983799626,13.343335900506078,13.213334981652727
471,0.061848769084800935,0.059851327066529736,13.344082439643246,13.214184218057202
472,0.061942293723140654,0.06062814058322956,13.344584246553264,13.214651426024155
473,0.06308305909621958,0.06199180656388802,13.344868330072435,13.214932053695133
474,0.061618863695260845,0.06184486384164444,13.344787159299646,13.214672684808491
475,0.05999844067083787,0.060363150931705405,13.344378372980252,13.214088393887897
476,0.060787519553560106,0.05823815709538179,13.343592407405467,13.213059948433791
477,0.061308177920911915,0.05781826739612122,13.342403341404705,13.211457330652118
478,0.06026117234410242,0.05795075546171584,13.340875222006968,13.209587890759368
479,0.06201922318906803,0.058986853522804965,13.339035912727988,13.207234791583335
480,0.06409823647760138,0.05949291256085026,13.337013849302384,13.204788803699548
481,0.06445932039057607,0.05909397688608582,13.334803812928063,13.202134641263982
482,0.06538862326619539,0.05789289331742203,13.332426267111385,13.199179914828424
483,0.06658351808204051,0.05801520263049081,13.33188784242507,13.198733953546789
484,0.06594663009795304,0.05706031634759953,13.331416389173972,13.19825214512467
485,0.06659174628805152,0.05936617741929217,13.331017184979363,13.198036056283863
486,0.0670111597845753,0.06134016861457409,13.330685124421503,13.197935222274877
487,0.06710355139168227,0.06093283466381995,13.330433190547339,13.197796841864477
488,0.06631358352047698,0.06189219030058374,13.330240350481168,13.1979258802963
489,0.06499174665237137,0.0624022198573506,13.330135859128994,13.19801631028864
490,0.06343175744168322,0.0612728726577767,13.330082239554509,13.198375221161267
491,0.062384610818514714,0.06069474667170403,13.330095763616777,13.198849386865717
492,0.06150083428154266,0.06064328739433083,13.330210791641536,13.199283244869779
493,0.05996580284392803,0.06029717331622127,13.330363536195486,13.199987283015034
494,0.058762853590246064,0.05969398882671351,13.330626006742243,13.200649951421834
495,0.05683815038927996,0.05901051035895133,13.330917971787878,13.201583862007897
496,0.05468626159361516,0.05815217609767083,13.331277080470272,13.202633027425781
497,0.05303898678467275,0.05706969728468323,13.331759070393955,13.203639123844301
498,0.05049742622565647,0.055873998633750074,13.332257399568034,13.204918161702997
499,0.047728680071941455,0.054503444189298596,13.332822872378857,13.206312454393508