,Train_loss,Valid_loss,Train_SE,Valid_SE
0,3.0,3.0,4.768452256055861,4.09522750166191
1,1.431154182717271,1.074308468721482,4.207983051050695,4.294092023290698
2,1.0169773272438816,0.9116655721999836,6.674509190995316,5.67399738839587
3,0.8062024992760475,0.7481825585600185,5.551656189877232,5.927128960772931
4,0.6316065297831029,0.5402671677055403,7.413167504829939,7.222206866070801
5,0.4870165586194898,0.4463090992630162,7.205458037730914,5.705088737713165
6,0.4147022010548704,0.2888778308438648,7.217095586929762,8.227497244527328
7,0.3215371049722255,0.2428598405323222,6.521942690868999,7.711127492732473
8,0.2513590655207439,0.2665853130959063,6.922902254072422,7.974992971998866
9,0.2247708587946961,0.1986385356899467,9.2435565646439,8.509241126074592
10,0.2195531191768746,0.2256960345471022,8.775089101793151,8.436010384156289
11,0.1667212400461314,0.1710886669916459,8.0379350207178,8.5508052500804
12,0.1804436392206706,0.1648577908698106,8.429889836285486,8.30047576493468
13,0.1553963625604396,0.1189823106744833,9.675618869129265,9.296030062927116
14,0.1763141461055274,0.1239786031156792,8.145936453398251,8.501647603447516
15,0.136229090369001,0.2098054850539234,10.355135017643425,9.325860301792371
16,0.1605093614985837,0.1826149790226962,9.891959434784273,8.904562086515751
17,0.1348723328107339,0.1795380345795602,10.640656009365191,10.092143910357724
18,0.1339675678790201,0.2478726710874962,8.713638161916865,8.808502800727815
19,0.1484415302832326,0.1227705672138334,9.397804210427006,9.154835605163523
20,0.1466977460956383,0.1081091804130766,10.266407793915524,9.249534083343864
21,0.1063488756822645,0.1881350298317615,8.261622584231551,9.856495209782006
22,0.1296939850016958,0.0806200920869862,10.56971352380526,10.271683880685911
23,0.1097383761707154,0.1635099352702216,10.212318811166515,9.9571817630733
24,0.1187893243594902,0.1353391861888333,10.621763727712645,10.700482525949997
25,0.127986356210827,0.1051553313203688,11.141716366402314,10.474131558335827
26,0.1261220907772771,0.1450383181968156,10.006290863979702,10.178311913910479
27,0.1253555398813603,0.0836918988721959,10.273943585751368,11.026059044911198
28,0.1222910620853992,0.1734614315042299,11.363568879094956,9.732326601609696
29,0.1053085478995433,0.0980990238255709,11.002489866952997,10.42270865448964
30,0.1140301868900592,0.0987937312665384,11.515652371500687,10.470467622549238
31,0.1121002569270234,0.1108223613732094,11.326259015507478,11.485374254542966
32,0.1101575943267056,0.0785326128099251,10.800408722648054,10.698590681899853
33,0.106034447839503,0.1432054787487086,11.34493213242374,10.77772214035128
34,0.1141381114044213,0.1275056488466302,11.5375917943737,11.33054701997694
35,0.1080901018811051,0.0940511143223203,10.668467442577798,11.01983705186931
36,0.0966865576294575,0.061239049664753,10.741997858424675,10.264022720592864
37,0.1030079771660888,0.1608474645578225,11.847572788420422,11.641081732123165
38,0.104521562032322,0.1362356954706409,11.469767481381664,11.220672370321813
39,0.0957656504201094,0.1100689007476791,11.183533107271211,11.030497909014166
40,0.1260046407082057,0.0683362729325248,11.440875004060851,10.846666744990753
41,0.0909476732424705,0.0736970814254114,10.988294292838011,10.76923488172347
42,0.0882637971122229,0.0620146217452269,11.771804726174896,11.507367037526178
43,0.0948397660190473,0.0796575662843461,11.45254392380126,11.17775231293476
44,0.0994471152739461,0.0705313704968237,11.96658176722255,11.98434977432734
45,0.0885483671957504,0.1120922854271505,11.638956151539558,12.133736285793141
46,0.0887530984544406,0.0890186661501087,11.478145671022975,11.531279455326144
47,0.0754611352201227,0.0897213243007913,10.858965038875645,9.66534563123145
48,0.114892651505564,0.0629751668485846,11.32062907272672,10.797695782499844
49,0.0827810624506237,0.0810381436409321,11.740480067965631,12.052306289904791
50,0.0954501270489414,0.082422056739959,11.585218042483532,11.449086003305911
51,0.1197952319423452,0.1044831297830869,11.24842480184746,11.56993501414796
52,0.0829484660692241,0.0697680459209533,11.459512147500371,11.630616330027305
53,0.0993972640686982,0.1010169500768944,11.350364897255025,10.678517134263952
54,0.0981433870920525,0.0786662245854573,11.04461025864472,11.915095593584986
55,0.0896613707343617,0.0762748332474509,11.245364513560084,10.970077338759088
56,0.0897637802905764,0.0831298323115052,11.466274215777824,10.941687267793565
57,0.0863712990013992,0.1165946858785872,11.993572909128751,11.515890113416123
58,0.1026069081364223,0.1336171566501808,11.17132407822418,11.150665226988043
59,0.089789889340127,0.0790837465961627,11.786914778953935,11.249451836328056
60,0.0835351603457567,0.0448334092422607,12.242575693968995,12.105748893422007
61,0.1060250777637311,0.0908424933408417,12.028675101501868,11.991955235688375
62,0.087756245520281,0.1013358107918522,12.066351974474504,11.397753922417635
63,0.0881714353385283,0.1124859355526935,11.953141451964328,12.140825894413577
64,0.088089294709789,0.0806721113783638,12.113710391426807,11.853259768656528
65,0.0817973510560243,0.0687465989324615,11.991882067731204,11.89371030444024
66,0.0890092723061267,0.0808810897947809,11.721621540504486,10.857897962264705
67,0.0968479424860502,0.1192408225152039,11.533091181849425,11.0359867426983
68,0.1077385362915976,0.1008081123186593,10.58190519438041,10.197988799982124
69,0.0774160192012184,0.0949743989386125,11.37427540986182,11.056838354072818
70,0.1017066873990193,0.0803604746529879,11.721093111044752,11.543238733305312
71,0.0794527993786385,0.0403136345448766,12.150343167066698,12.464177460391948
72,0.0703132053900079,0.0398376565583598,11.646101942052422,11.655600148283591
73,0.0844377291059303,0.1105082164079121,12.037429692660549,11.646764115686672
74,0.0908745632401091,0.1188384439829851,12.763783595767617,12.350269699638432
75,0.0795998871491332,0.0211050817178734,11.110776111453823,11.219634844603284
76,0.0870780104041299,0.0321696709153027,11.874142435800922,11.391818119046652
77,0.0911727672832053,0.0706953351036971,11.093898379998398,11.643263311769523
78,0.0822328536931914,0.0822079970729189,11.7565634560255,11.618999796840894
79,0.0850856004515496,0.0518448488833282,12.183962928077122,11.46300729102539
80,0.0757159748326645,0.0579720939817113,11.298697522698202,11.771605453350277
81,0.0986772453275515,0.1138420072020457,11.345528298963504,12.023298361638162
82,0.0792734243327199,0.0511779923121299,11.868610786028224,11.840807178864043
83,0.0915753413789738,0.0982365147935103,11.410477663382405,11.038093306610898
84,0.0858392565377647,0.0891756865011846,11.61357887282501,11.745566677358612
85,0.0836004289134272,0.0632213935865944,12.673976126460289,12.533371034552339
86,0.0946150868190927,0.0381876505029119,11.37976688368116,11.349135782682716
87,0.0843874451956684,0.0564738380915096,12.943584595163252,12.06289918648374
88,0.0739927588482248,0.111369693670573,12.25524036332017,12.266871988143091
89,0.0662857801284068,0.0663807770198414,12.382606179633683,11.726365702527213
90,0.0635555814119727,0.1047102656630949,12.48995967327237,12.738562758932467
91,0.0699869832544108,0.0642979739188657,12.134301770389698,11.640649993624912
92,0.0683103092384329,0.0707531764188927,12.527173141595249,12.558744074888388
93,0.0805477139765322,0.1374328733887415,12.30273023596843,12.500641005348847
94,0.089637952501923,0.0934175961941145,12.355445558898644,12.244110445794568
95,0.0699639614040882,0.0780224744480022,12.152701020165495,12.207721416359021
96,0.0683642379827281,0.0396393486591249,12.719958766933576,11.97680478144284
97,0.0677015139948435,0.0438109950354976,12.335135675641641,12.33221827881544
98,0.0627726074219321,0.0582262469078631,11.842362692639302,11.657895062967704
99,0.0772714423733615,0.097958394271657,11.244047414657029,11.41415447640828
100,0.0858847085403321,0.0649610616711818,12.253685191443545,11.51565102926898
101,0.0718435227830212,0.1076656391805635,13.03563554269845,12.587447329018453
102,0.0838965400493942,0.0578886838912592,11.682267335599551,11.860600987907144
103,0.0674170839654124,0.0641780555470682,12.083703293431846,11.909251712205576
104,0.0592669958433858,0.0879999091637973,11.86361878282446,11.934370405946526
105,0.0683499360568816,0.0528389017230466,11.804817038974798,11.839754894806157
106,0.075218537201984,0.1156441636250712,11.523543900873012,11.560075545480318
107,0.0847674174126947,0.1144060711403216,11.328044636648025,11.347226892038424
108,0.0839521941748185,0.0666801233518237,12.16671106377461,11.36997602643716
109,0.0878684377708001,0.0747868993431852,11.997231969568466,12.064343641378304
110,0.0833918472484766,0.135681870564735,11.651803653533985,11.638179137676673
111,0.0720879323129318,0.074832771673658,12.092424345018816,12.235969830490546
112,0.0788730994117451,0.1278054692068137,11.491758404195735,11.562198353253471
113,0.0744581658718636,0.1138222788329252,11.663027073467502,12.6240543614268
114,0.0680310317440243,0.0587359373657194,11.990116581968412,12.15611036105092
115,0.0720237513059633,0.0862093585647305,11.921014342072626,11.616220301825138
116,0.089985798160266,0.0719510888042406,11.864696763603455,12.10899136545953
117,0.0993328583025559,0.0816276696247135,12.612769617689949,12.504697534536763
118,0.0813390784669241,0.1033429064516892,13.414846431745694,12.662137497561737
119,0.0760490243211502,0.1019963313481619,12.604203120091388,12.07649022481526
120,0.0750254416128797,0.07449475118589,12.299060448000937,12.022524318242805
121,0.0740232480688799,0.0763875452464202,12.291585682133235,12.078188497130448
122,0.0622974720974892,0.0497816160152593,12.938094172477683,12.25781385087739
123,0.0904602572720702,0.0567076564068357,12.712904859689196,12.369794358601887
124,0.0860319635831446,0.0399644538316268,12.753123917123922,12.848952225164282
125,0.0826909932738402,0.0541193971360499,11.815102379189092,11.61105612298749
126,0.0908749009626809,0.064438833145728,12.266400228527495,11.957434064090863
127,0.0766580399404016,0.0549419041958059,11.567135303700518,11.228623001007945
128,0.0913198691953763,0.042063654762943,12.139111233802339,12.161335769919042
129,0.0993963085634617,0.0602946480892126,12.91148569930899,12.704727375659726
130,0.0738992633049875,0.1544003855918956,12.155646812046097,12.208121234115499
131,0.0655785256370956,0.0659603453222679,12.499359697731148,12.08700953132681
132,0.0880310714681753,0.11585986935992,13.116375708475132,12.98688810805379
133,0.0617177718359004,0.116549282946988,12.232637086687923,11.575356819771706
134,0.0842495376705827,0.080326668838419,11.713246518346544,11.898866032576947
135,0.0638691704205749,0.0598416691079397,12.206991966240697,11.65789217342754
136,0.0944763521078553,0.0633916289990882,11.534911557426511,11.87073691904962
137,0.0749748086922599,0.0331948980728468,11.811479182733155,12.145960795446882
138,0.0913707781002092,0.0869198936192218,12.739138855669982,12.198492450590571
139,0.0893434189037054,0.0433690846234895,12.625976558479742,13.159741092846613
140,0.0785642941389012,0.1099222564117066,12.217240781294716,11.517798683119914
141,0.0701822233789329,0.1220314616524454,11.569552683950546,11.04287291973292
142,0.0780490750700954,0.068212852316603,12.576996737746626,12.347642857233097
143,0.0815431825905574,0.0285354883796641,12.634728887005554,12.332460340934738
144,0.0577464567869188,0.0642820215249004,12.028710025107099,11.676989737951482
145,0.0856138361561619,0.0521300279876214,12.314955800724903,12.392251969223771
146,0.0860167361283041,0.0721612751503511,12.78256490341937,12.365895534122142
147,0.0856372344477269,0.0669271897414724,13.082947461890043,12.829268874462969
148,0.0918201281500444,0.1205439142183662,12.711755536171331,12.326223060508635
149,0.0694348002112143,0.123955649385143,12.62455639509561,12.576669275524601
150,0.0591148326876783,0.0684891692279713,12.651574536702043,12.190225872696576
151,0.0786564922614584,0.0730754187852541,12.942213314116287,12.82587018113361
152,0.0542413224738448,0.0792270413939111,12.837638401830738,13.111350876782282
153,0.0720296745649168,0.1008268944497674,13.036951067055277,12.93971726435226
154,0.0616314653306949,0.0801517292223135,12.214104577241542,12.903236436460109
155,0.0674059523970533,0.0928325093408192,12.539037012159561,12.579119962325766
156,0.0635016975476984,0.0702500961086301,12.62171337433189,12.505486566425652
157,0.0770663544803136,0.0646808137693204,12.531698395041609,12.182843547639383
158,0.072722478973868,0.0824229451781539,12.705414958216686,12.183103350343654
159,0.066685053791148,0.0928919725340162,12.283388371115965,12.138816713631911
160,0.0714548572852287,0.0676952270344545,11.933209191200826,12.161563752445229
161,0.0678113706836506,0.1071200037638939,13.410165561706542,12.38156177564797
162,0.0716070509576199,0.0822992773881632,11.717724818182813,12.179700532500426
163,0.0839261579985699,0.0649328583709663,11.973520539187724,11.47699522917209
164,0.0843642350236656,0.086947270026127,12.717654412885203,12.426931794312473
165,0.0774285301829251,0.0733532428060669,12.318388886367867,12.765363291266553
166,0.0629803094443249,0.07061317177469,12.680429830552185,12.425951252638392
167,0.0787913719634154,0.0650651392916541,11.479201271290162,11.703173644015722
168,0.0827782539969186,0.0763288500413609,12.49703807583743,12.537529194910157
169,0.0687287897244743,0.0963722167043585,11.586547003330292,12.06759929549797
170,0.0718478384189199,0.066476843968788,12.187901007727405,12.046109818237184
171,0.0897523398732046,0.1111943838059067,12.880283367732233,12.747798082325414
172,0.0735916827762192,0.0564345102910219,11.797430827220023,11.541092058545663
173,0.0778784245877643,0.0557208636667835,12.177329202829107,11.707371600319016
174,0.0765583540944573,0.0869317287656037,12.709334849169604,12.750517351631991
175,0.0671115919724627,0.0651157782697391,12.622294146431116,12.381299481851453
176,0.0730673900864632,0.106534852613148,12.564880703727262,11.998640673157844
177,0.0715616635720211,0.1690576434623875,12.715280372218388,12.539659615167167
178,0.0631635229316211,0.0236906278295174,12.914979733357434,12.040743009824347
179,0.0725327131799619,0.1194851767389335,13.183426269563192,13.427698267371241
180,0.072396088044364,0.113595006174246,13.206361556229844,12.863081860608471
181,0.0788733257051635,0.0561441569865405,12.986382186926257,13.227462772091933
182,0.0762449230457321,0.0516184237828863,13.018162784331217,12.61862982627752
183,0.0623419436688799,0.073526363310267,13.269667025703598,12.979900129779104
184,0.0803940945795302,0.0755233343082723,13.579422046528997,12.798604809560324
185,0.0661478897062253,0.1166530341541742,13.331204523409284,12.951564205750657
186,0.0817135194055854,0.0634512272591339,12.869323021130086,12.522789006434301
187,0.0744250998605452,0.0286150317843973,12.567494958371679,12.237767726407668
188,0.0704617480946633,0.0767248203541126,12.561545174126188,12.423091702538049
189,0.0628975762831561,0.1038859657148067,12.168250477554782,11.815162464588415
190,0.0564646308364862,0.0708632618471326,12.515655412653949,12.230701728191942
191,0.0743374888583937,0.0827017005506263,12.245572945397516,12.477146827664576
192,0.0748483459805982,0.0626565218078118,12.39686527066695,11.659985171355665
193,0.0680055962872169,0.053062658321271,13.288997087819439,12.943749602844903
194,0.0833543927935823,0.0736081776953372,13.044345682063788,13.078727446802048
195,0.0605946734754957,0.0874371520250129,12.309792938414216,12.350437630869386
196,0.0662690058553531,0.0620891685781953,12.042598306015957,11.967362456087626
197,0.0870552436442985,0.0797649724659628,12.271023708323717,12.142714411486583
198,0.0845274787315509,0.1183696173131658,11.343144092523994,10.857826410987634
199,0.0787116219029425,0.0406496360312059,12.748359574625098,11.76711133621466
200,0.0647680341351335,0.0806415077171686,12.838462854787025,12.900198494590715
201,0.0698429279715701,0.082261764127643,12.451644147446363,12.033491859677031
202,0.076201098869631,0.0459465232613835,12.295613820275541,11.685992562619669
203,0.0791201657001355,0.0956433378424788,13.016614260995915,12.901780471245395
204,0.0637554901228203,0.0534117756427943,11.699869305388239,11.724275195033455
205,0.0777053846610566,0.0561971559132857,12.971989935357264,12.97039355926728
206,0.0651399779437678,0.0952051114117103,12.305854778592781,12.422928581394522
207,0.0745983348807947,0.0636982386354012,13.188515463681547,12.935189237892608
208,0.0666529604131705,0.0910750381092661,12.932221759329021,12.813583458900187
209,0.0722889483191655,0.0346832004111903,12.293683557735505,12.467148858667066
210,0.0738906022057004,0.0612577255756486,12.608493591264775,13.028126961311983
211,0.0658294407184988,0.0731922031618281,13.579604874755763,13.021597532781925
212,0.0762496399322469,0.0407155969446266,13.620503714496522,13.698710685968948
213,0.0637243242039087,0.0834422255407984,13.1751723843958,12.926632963274002
214,0.0553522483768084,0.0559521497464651,13.422741125089637,13.337011315821186
215,0.0733414304712909,0.0902947176700417,13.036431316154744,12.57451403672843
216,0.0669121508845316,0.025785573120592,12.603258240988236,12.48567707555074
217,0.0641828682893839,0.0620915520811765,13.027071867806953,12.78716200232114
218,0.0768838199850597,0.0468479495526521,12.643062921471063,12.335361260954585
219,0.0630339626612871,0.028048456911317,12.687218298252041,12.767436828207543
220,0.0713548529921034,0.0774389563034304,12.125975115643975,12.306251010184234
221,0.0955296781968339,0.0909633263930474,11.522931021980952,11.725143398839764
222,0.0696261818768959,0.0563567800552016,13.423993553372707,12.99817749390617
223,0.0574154133109035,0.0738782467283311,13.411229378834356,13.006545778591953
224,0.0769841159723177,0.0598518271665627,12.690204274393608,12.533925392708667
225,0.0514100896458333,0.063035907904162,13.472037135359969,13.031803672793163
226,0.0657546767283707,0.0825061946515068,12.3043204124513,11.65152427432606
227,0.0509199583021088,0.0454556675920974,12.15568474840196,11.948276306094671
228,0.0714700173754978,0.0597997242508971,13.289882538706042,12.952635062488405
229,0.0602020296040936,0.0616071888951374,13.158881810013781,12.661416982022281
230,0.0754606844938652,0.0355457098913437,12.897498529632184,12.969491001196769
231,0.0651351241248691,0.0719064948027081,12.806928415598044,12.383737981623614
232,0.068607735107161,0.0744342463526805,12.387325502274162,12.553174773479803
233,0.0677922895691767,0.0816172105260678,12.689394133458755,13.198879575143536
234,0.0535468942919628,0.0532352443722143,14.041590601180346,13.483578263040378
235,0.0741194053489281,0.0650412556803082,13.492087661268972,14.14190853161347
236,0.0776815173292114,0.1413723046879567,12.782184943284214,12.354224382004489
237,0.0712616203240998,0.0368801646014856,14.600745265664202,13.998940063693407
238,0.0589907514473589,0.079171314947889,13.301084825824574,13.57836323663594
239,0.0757493870529626,0.0627534431554486,13.411237395824628,13.019418081808425
240,0.0617482832217195,0.0999377374183254,13.278944152072633,13.679072346308928
241,0.068188860429483,0.0447547724104972,13.428594562275205,13.531942549572623
242,0.0689612963199141,0.0602206095699456,13.353600394445884,13.16951172876798
243,0.0631132848211122,0.0476011125191831,13.49679952190424,13.863322476288737
244,0.0718200748620457,0.0488973567656258,13.409257723704236,13.082357782849208
245,0.0560059522880219,0.059138921633033,13.53532414053408,13.142103005730533
246,0.0807785034731193,0.0490710757736104,13.282691078945621,12.946458846148328
247,0.0745213975381555,0.0560956649496687,12.993191001084156,12.370794298219629
248,0.0900725930668806,0.1099777669504984,13.656359853850766,13.230834032158924
249,0.0702709047985804,0.0954917514283815,13.23969462758317,13.384559901439964
250,0.0722956188200255,0.0777519209699517,13.755859064005065,13.685625467641817
251,0.0623511984380006,0.0589790651078329,12.986744291343818,13.236596387071963
252,0.0619154219773097,0.1583248066175691,13.179196766922502,13.161266146385142
253,0.062066185241199,0.0528505813079569,13.488064978018663,13.356960059900118
254,0.0784083108014172,0.0899381673105416,13.119046110429426,13.284002978064628
255,0.0774430221616689,0.0640244922051756,13.00020865833351,13.029030092749597
256,0.0570085350059017,0.0394168252620279,12.148662812912704,12.236885316538324
257,0.0692864320071833,0.0510906841758466,10.69778475944415,10.47715568451482
258,0.066686102590633,0.0509418054985939,13.263733025728214,13.168562370931312
259,0.0675517650536357,0.0541152243859836,12.657373745532883,12.767075725372809
260,0.0549670387298203,0.0534296677608214,13.17239797122226,13.385230190841476
261,0.0727586116288365,0.0491156754192483,13.602005074549204,13.441498514552482
262,0.0520303808781128,0.0432746737003529,12.54774354824184,12.674520932543608
263,0.0578360670684316,0.0545164821740572,12.705339558418586,12.587364142787969
264,0.0570831921232937,0.055270326831252,13.499625273548585,12.984367351630148
265,0.0909536777167927,0.0604437343152862,12.84494458885452,12.766856348214642
266,0.0706520240784603,0.0455212475058941,13.505303521800307,13.35141762875029
267,0.0670538645328004,0.0855980006435281,12.910929685565144,12.39485216532465
268,0.0605755095003931,0.0502881397830673,13.441572175514455,13.246811279553626
269,0.0605674957989656,0.0840599034702449,12.320914877921275,12.619954507594812
270,0.0651918421169596,0.0370718183449755,13.389362839208658,13.425782603073628
271,0.0713399103373254,0.0513265919647576,13.071273808916363,12.86290766275308
272,0.0590118204779467,0.0893087553824088,13.750635140199307,13.687201033564943
273,0.0683365219743483,0.0597128257735663,13.813924619861648,13.703853658693617
274,0.0617592293396698,0.0605969162119856,13.820628785274849,13.53162549836972
275,0.0652942750597133,0.0974151736140917,13.47498187140857,13.258411874083464
276,0.0604720743503395,0.1369946622538109,13.583481314028365,13.239504856702087
277,0.0709612570205957,0.0418409937833929,12.670720817900062,12.504437827255884
278,0.0733002802336315,0.0229455668278626,12.619698128878127,12.841500934295254
279,0.0616934109673167,0.0259555087818123,12.255173719108832,11.987772863759446
280,0.0677241116057454,0.0500342739032982,13.394672966716428,12.463442757272453
281,0.0697008430223221,0.0286495398274094,11.941750188186653,11.920748787677551
282,0.0614745629499892,0.0480645683198268,11.973348329856348,11.8016377488377
283,0.0639580198624576,0.0705763620181168,13.550183163178382,13.366121594056217
284,0.0671621809706203,0.0698860932102425,13.877528620738047,13.353227176702276
285,0.0646713971261559,0.0809107448327159,12.39585169243059,12.459732102418112
286,0.0579720172929545,0.044953354658911,13.325517264078837,13.112793878509741
287,0.0764048836690445,0.0433550013295346,13.794167342069436,13.393377315585674
288,0.0543897666085045,0.0887538721176483,13.90001842328211,13.627899009378027
289,0.0570395619105103,0.0464474186172557,13.283627700182585,13.175091682157522
290,0.0803546489144398,0.0629653331586332,12.368650060523361,12.400818744106871
291,0.0722920550177786,0.0806138665653642,12.810957071081589,12.734263485985274
292,0.09027793381637,0.0462070647404932,12.736319471456522,12.59406653139391
293,0.0674110686474492,0.0676576366501943,13.289431146461297,13.150662413986161
294,0.06502664946439,0.0338735836483861,13.192706150870052,12.846141140505662
295,0.0689081775208503,0.066781735150423,13.37765406934691,13.36368816689
296,0.0544725442603757,0.0520605186904974,13.483899457333361,13.101096196740059
297,0.0632196548290948,0.0519930145039527,13.64094121068793,13.527665173696906
298,0.0680711744769964,0.0537832356413568,14.449451228874096,14.328585001143963
299,0.0669975541697514,0.0420777953020491,13.648792939814072,13.490699896920539
300,0.0780777826006128,0.0960557143070276,13.818245122331145,13.358134846588122
301,0.0661285216438464,0.0506217902020277,13.553500362625151,13.473251369200106
302,0.0653848016271191,0.0823477635238576,14.418041363675346,13.990791228407524
303,0.0597929267558297,0.0704714219588894,14.377706580683768,14.073230817381706
304,0.0617688711815366,0.0684327392468456,13.780504072448515,13.80287484992791
305,0.0575447559353353,0.0592071955238544,13.663147080953252,13.496514829151465
306,0.0732994017857391,0.0566053412303856,13.52390321256862,13.257713172192616
307,0.0673809702478432,0.0676891075317011,14.232979964951127,13.70265215412406
308,0.0665681370055614,0.0325267722258531,13.762190453560471,13.365967083755901
309,0.05932957229573,0.0205265033041324,13.426621146013197,13.216560688880762
310,0.0602572038451695,0.1364390953353663,13.075876833863447,12.721414191188149
311,0.0887646387344229,0.0427641954478585,13.790091800866513,13.618931542867017
312,0.068494169420553,0.0436783500638838,13.915957155541573,13.721368391803583
313,0.062217436345837,0.0545233227081048,13.420381583502987,13.438478577205153
314,0.0807379981115732,0.057959323030691,14.145777353262822,13.83316890483696
315,0.0668036507723059,0.0628631459122551,14.028667660775465,13.43402582644115
316,0.074401010194832,0.0378342853647166,13.675014287977945,13.434792414358181
317,0.0505296597761219,0.0897455221756571,12.564576323391861,12.509433731567828
318,0.0750736354455105,0.0681813497014211,12.461382182044282,12.22218114119842
319,0.056437759450147,0.1020570299928904,13.184914681309252,13.313533783297117
320,0.065711070445489,0.0851291469371425,13.14450248063941,13.354499648995823
321,0.0596491384354607,0.0753972163024031,13.750036270011993,13.167733700613454
322,0.0597397023551557,0.0371404311021718,14.14468526805134,13.869469649476507
323,0.0570559445161075,0.0239574151193701,13.603331719186642,13.487400547615607
324,0.0668138331958766,0.1421898009805114,13.288534325604747,13.228490315432488
325,0.0508310402931962,0.0698949024213616,13.168148115283934,13.174685275372532
326,0.0575292781604235,0.0722632672020286,13.491479712369873,13.321376613352221
327,0.0834956616127704,0.0490927707094866,13.687705191439335,13.612529796422898
328,0.0603775191137312,0.1071902861163388,13.699135041987656,13.605709729270565
329,0.0602249042064729,0.0550806632861737,13.984867337013082,13.379857077549964
330,0.060498092088129,0.0353220440784569,13.875196885799756,13.791518598173411
331,0.0706005034288559,0.0513320636304023,13.988392051943954,13.712675298563667
332,0.0510076182720142,0.0331203995166925,13.952435915073298,13.444495165305725
333,0.0715149561142985,0.0565911580458787,13.775390159191637,13.642365066982357
334,0.0550990461432605,0.0662979919044229,13.599525589044571,13.149925361849402
335,0.0583036914534104,0.0632863919332724,14.287305155595611,14.253971964277191
336,0.062702245459493,0.0345156408500833,14.219895396337527,13.878561124323841
337,0.0706122955239801,0.0705863778932303,14.00777595381306,13.915263060558487
338,0.0593328336457456,0.0814558011704794,13.124293897080427,13.530791464037787
339,0.0718578168316345,0.0458642139534193,13.27395786539342,12.987447559303298
340,0.0760319279512306,0.0678514540372234,13.638242615801953,13.921416082827811
341,0.0600670286091573,0.0577313340013405,13.214664934843995,13.019690768512191
342,0.0501781068883617,0.0382522895951594,13.460411472344447,13.42735876012907
343,0.0423311201566599,0.0558821742295277,13.702167783646008,13.456471570662291
344,0.0678914709670555,0.0695179587997881,13.50161238013468,12.892481691714103
345,0.0666039474873392,0.068445709216558,12.690508989227418,13.059187404807119
346,0.0543972423548461,0.0254435860797555,13.247859531005709,13.09794190638716
347,0.0655110459307817,0.0380656687536029,12.98443151918164,13.10830060212211
348,0.0666402876284098,0.03884385638448,13.965941356802517,14.204977594553341
349,0.0699402345499698,0.0457528645958577,13.726335038744057,13.355493464916066
350,0.0485346286308516,0.0629568716686986,13.39978892887595,12.865574313460883
351,0.0589098888785428,0.0339789468821921,13.88494607824492,14.048172921597825
352,0.0648063054300834,0.0590473183776029,13.895333163755872,13.744494805424207
353,0.0597565369577409,0.1189789984193045,14.360333302536326,14.126800650755467
354,0.0566322283191856,0.0799351556907495,13.636216670562764,13.335030840159895
355,0.0447352681553744,0.03803633976703,13.667657975753762,13.395307847373694
356,0.0666974941532694,0.1160802760901352,13.836174115354495,13.446439110098993
357,0.0615602233842944,0.0480631814690838,13.619979029619898,13.45841168932072
358,0.0609488820419766,0.0345534747677904,13.167822464044413,12.825639290459726
359,0.0618285852866664,0.0790378999240164,14.369732062761493,14.192378768660046
360,0.0478292723800839,0.0746068858080842,14.237388977955163,13.725360646705106
361,0.0629089382661222,0.0948345516963465,14.433524461067549,13.959623665877139
362,0.059532658862416,0.0897543598662026,13.578431006994713,13.31742142689097
363,0.070526303163597,0.1031935253153901,13.922920801446807,13.871673328114227
364,0.0635428611878614,0.0506200997839054,14.07381786525108,14.168835650485104
365,0.068434677554221,0.0582460143355131,13.247783809921806,13.147215576175029
366,0.0699014775315858,0.0528293409389703,13.836591321914725,13.57867981588089
367,0.0591255434420127,0.0289846018805129,13.590578685214481,13.84061160620972
368,0.0497971273927011,0.0320456966951878,12.771389397435016,12.59557650436997
369,0.0554191081270918,0.1024481844998236,13.20262316278717,13.207028827664725
370,0.0711794487510131,0.094026415179564,13.668200463311042,13.366846079441942
371,0.062010757945111,0.0507522996805959,13.994167586220005,13.8953668591085
372,0.0633756647922444,0.0356086147266098,13.66359918571009,14.003285074434402
373,0.0672320001428697,0.0592693960187143,12.99064017602349,13.03028950586748
374,0.0633890885721608,0.0383630697772292,13.041919912696443,12.822535373660045
375,0.0597119278910424,0.0966954659448261,13.031936562362056,12.937084537396242
376,0.0769667217357882,0.0579067139463485,13.315116703664792,13.378867556252814
377,0.0742519874032601,0.089141473079734,12.809030048434387,13.35787161739836
378,0.0688707091721524,0.0856722952880361,14.05431360494483,13.50864954501121
379,0.0655779689113162,0.0446295924117156,13.779305630757321,13.418525605796617
380,0.058070825104503,0.0607612612647704,13.668754203284088,13.4314522110957
381,0.06998794209866,0.0858671079947992,14.197968030634854,13.835225870197569
382,0.055250847133569,0.0286635972355244,14.161538395897693,14.115373064251585
383,0.0612060220820357,0.0498140664283316,14.00988178169706,13.872491996744134
384,0.0678656308915157,0.0366006636623421,14.302784823663568,14.407421698505594
385,0.0636681281931144,0.0351135673257917,13.212123074641148,12.896316772182942
386,0.0710828951249138,0.07582800259919,13.739522880216988,12.839655159916433
387,0.0570000468708804,0.0707470597964191,13.638818840232737,13.74527083758937
388,0.0555409259047672,0.0480278912361143,13.377479274859361,13.085144077243786
389,0.0523292668761164,0.0218859308187953,13.94538941797748,13.762765731974643
390,0.0565795963928875,0.0616203365419549,13.959883738865397,13.624554956456326
391,0.0538136156201281,0.0760613978475802,14.153916591524219,13.942702832082041
392,0.069117224243867,0.0224114704692506,13.885334282071831,13.610908194280345
393,0.0644957496102708,0.094940088871106,14.5450300269761,14.102029952139294
394,0.0506526990347924,0.0594001501917475,14.46319932470464,14.014648640804516
395,0.0561207924160742,0.0631445819274647,14.30249163095607,13.995769179948997
396,0.0741898215932452,0.0825511307882589,13.217014446009905,13.222156570479221
397,0.0518989313029753,0.0780246065744904,14.341855608791104,14.132007523763924
398,0.0647064900165889,0.1106294805769591,14.08563977801931,13.882283286311
399,0.0698129923583746,0.0612036134751881,14.073904694026872,13.56091236386829
400,0.0518023375850194,0.1229630537763422,13.576451720082325,13.614448581474626
401,0.0634788341371612,0.0653969751245522,13.420204917830883,13.192008796486984
402,0.058306111185714,0.0579759527724072,14.55674065205966,14.64889540785056
403,0.0527349403885549,0.0588831641333028,12.514934679654196,12.367235563395973
404,0.0706344903645978,0.0502448984771376,13.789512617485421,13.36297229618733
405,0.0584054348231517,0.0515100073565657,13.802337499341775,13.781558648316093
406,0.0569585468482081,0.0837903589183062,14.337047208130514,14.142678696478903
407,0.0680696159211257,0.0201799113791909,13.446018319098108,13.11277952552637
408,0.0647869405242907,0.0745631484539991,12.167002626888156,12.02652004108542
409,0.0547264460280235,0.0383205272422363,13.665855119648793,13.038622338267214
410,0.0741055800822249,0.0161866160542098,14.561361716474952,14.483116547008368
411,0.0683383592021993,0.0430441035775543,13.774309613933632,13.473462582824986
412,0.0572028980798147,0.064991119350452,13.276396209795863,13.519379979338861
413,0.0669126230763083,0.040499086607128,13.057685534267563,13.031566814726833
414,0.0556884741171525,0.0647318486431479,13.20281465256733,12.433229512642857
415,0.0601271899471148,0.0262686389724996,12.647987458981003,12.066975634918201
416,0.0615232591466003,0.0312385633734072,13.84806891283699,14.252830980422473
417,0.0716682340439969,0.0470107829025781,13.859624808828425,13.868776971886259
418,0.0602486162423609,0.0715485471473982,13.800245823032792,13.734907383329407
419,0.0681461878568034,0.0792573198586395,13.77764438758247,13.560965754096944
420,0.059601103103935,0.0348874230276271,14.247106460158221,13.717514306532312
421,0.067985778803862,0.0734471150871879,14.600675525822972,14.107381073339162
422,0.0694095050383141,0.0220683925789956,14.28278571991114,14.378864170322217
423,0.042037882080664,0.0929622695397827,14.174551209043145,13.589730962932233
424,0.0605809267726836,0.0306502142800103,14.321315304270588,14.329813523106601
425,0.0528572766031021,0.0545462820714953,14.452116904075943,14.366039821814148
426,0.0626116459500077,0.0317670110747912,13.854893999683782,13.645553476388145
427,0.0492349506096617,0.032691367255565,13.625415786369622,13.027971044125326
428,0.0568067892135179,0.0344140077290331,13.271695369126988,13.456421277401525
429,0.0454343996807078,0.0872485613776246,14.724681801648984,14.734695216996236
430,0.076545485418781,0.0613796810526678,13.638115036507209,13.331304738427868
431,0.0584498129200231,0.1019869775897763,12.708929245948443,12.541416211668867
432,0.069756965505419,0.061568510133442,12.805417745907636,12.69038776641105
433,0.0673866401145923,0.0783441676584645,13.004309354530612,12.958303599123312
434,0.0622663380308938,0.0650738405382216,13.814186823416058,13.558453495144342
435,0.0706694331485765,0.0509738385725446,14.06111944981999,13.939235476445617
436,0.0596047483518476,0.0351353708282806,13.287631896058155,13.121054114172495
437,0.0564866819357475,0.0767314805321093,13.382260593921046,12.853218226345387
438,0.0606312644647992,0.0378514326060754,13.633962396399326,13.258223849424297
439,0.0554079316662939,0.0694961389734001,13.217965719853076,12.880977159964871
440,0.0494566786535827,0.0704208366075426,14.093776929035997,13.858710922592905
441,0.0733192812017329,0.0569032124914751,13.696836247988902,13.891308248612091
442,0.056551538412467,0.0206139002319402,14.11037808010174,13.523476523882668
443,0.0612583113516288,0.0708226606802035,14.001300705620721,13.730512718962984
444,0.0625226074953018,0.0472393168608612,14.030212992723879,14.017315804635352
445,0.0684093358524862,0.0802986007687519,13.916118848071346,14.124804982122946
446,0.0543102477886081,0.0595621255986881,14.005320148808188,13.812588185666574
447,0.0524673752754613,0.0333908725941298,14.521140622528648,13.960065591746197
448,0.0622417529956144,0.0388524341845439,13.801993784152515,13.584064792838745
449,0.0526674273338406,0.0751670988738011,14.500589969789235,14.257992556495015
450,0.0411025110194747,0.0494347088446541,14.484418959513867,14.203981653024066
451,0.0558184611193264,0.0965195701836856,14.519179038976013,14.374902011621366
452,0.0591309261183234,0.0796301299880266,14.00921516194607,13.537709780277815
453,0.048093909242811,0.0468502565734731,14.629246998347348,14.460462438616123
454,0.0566844204887043,0.052885328381691,14.62184727359043,14.458332484857259
455,0.0658834658127357,0.0343183588431261,14.522640056719077,14.436303284860514
456,0.0463017115574862,0.0401318618507339,14.649853434441468,14.52237686045401
457,0.0495989503910386,0.0686741415756904,13.830006618902662,13.622978639565666
458,0.0507398161491418,0.0520687095439441,14.617309884678441,14.016786027205121
459,0.0569846839297184,0.0581927480020388,13.848307153820173,13.330953021750162
460,0.0717168237724917,0.0588710741512848,13.677599465605454,13.29717825480332
461,0.074198630924965,0.0305409142472214,13.738754777273982,13.775676016888525
462,0.0498405082089037,0.0384310217887992,13.59018457891596,13.293102969171699
463,0.0540008200269542,0.0444226780611813,12.651639364844247,12.758324574798031
464,0.0619310375366226,0.0569473563781248,13.717382475024262,13.289418440200802
465,0.0547437649714991,0.0815676839688193,13.349778085731245,13.16347534894031
466,0.0737283662781035,0.0644767787443649,13.837254553561088,13.748176367434446
467,0.0557139157322148,0.1167360179353205,14.315932476897306,14.037994898285483
468,0.0516385254114456,0.1318024477909076,14.425558784623995,14.250570899980143
469,0.0706404405309077,0.0449359830168306,13.85475305650737,13.780089843387994
470,0.072017340530119,0.087328729615216,14.190538086999506,13.93895734519425
471,0.057371284546709,0.043418324510765,13.553487682241375,13.679072293221111
472,0.0498989610355901,0.0288843101538563,13.293095681753911,13.206376149938077
473,0.055868593215647,0.065423846310157,14.00422688111895,13.63503728536644
474,0.0564269678665872,0.0715132808548502,13.430793925997985,13.227459014874125
475,0.0690808752612008,0.0867729059726071,14.79202758264497,14.495635610519294
476,0.0581164887071139,0.051836479158049,14.868159721696841,14.603072044264515
477,0.0456678545397773,0.033444883028937,13.927304914199478,13.84444336985203
478,0.0465281198465159,0.0472658817950826,15.082920647072967,14.667240094710735
479,0.0661738650839856,0.0243164090131482,13.792964837774221,13.323493865822709
480,0.0599624944159317,0.0591580340818622,14.357328270284214,14.239179055026437
481,0.0486975948095802,0.0895934150128119,14.621900622246194,14.500295915605289
482,0.0559370635637861,0.0187868378505722,14.315428775349996,14.23456786083646
483,0.0528792761973481,0.0558927587393229,14.660200061757653,13.96433558601209
484,0.0611784037596281,0.0601702910576202,14.683132354074573,14.368715651780214
485,0.069812947273636,0.0499149593014956,14.2433565205326,14.359674440020221
486,0.0714014578704094,0.0578999631672035,13.549676956973027,13.71382946970165
487,0.0630143410704616,0.0775450146842277,13.825959922639043,13.416913485692888
488,0.0478884842904285,0.0353146321438212,13.993676895642572,14.094317600839894
489,0.0770515615848702,0.0650017659813046,13.465268927367259,13.150461454296828
490,0.0627807727332903,0.0577203778508259,12.909146827796793,12.635327015894926
491,0.0696593623975286,0.0384579444430101,14.526206744853027,14.270065736924241
492,0.0664104926150422,0.0319345440054821,13.767245788643379,13.68627438569331
493,0.0533303823116385,0.1137192550747553,13.373905438477493,13.039019441071648
494,0.0590770224078281,0.0592502694722761,13.876132673218837,13.704995487447839
495,0.0705994651846083,0.1471733530918468,14.046714006696334,14.022021838866898
496,0.0542279265708268,0.0350280253626887,14.730097937043375,14.395731212636921
497,0.0608822470910764,0.0620847529066417,14.616718623079741,14.412646662336122
498,0.0606631733332357,0.061007867066498,13.925295395180086,13.604790330147459
499,0.0539403669647067,0.0364303979801231,14.021076688279535,13.981794960400052
